gene,acquired,n_isolates,n_hosts,changes_observed,changes_expected,p_clumped,pattern
AAC(6')-Iaa,False,2,2,1,1.98,0.022,clumped (inherited)
FosA7,True,4,3,2,3.78,0.022,clumped (inherited)
AAC(6')-Iy,True,16,3,1,1.97,0.03,clumped (inherited)
emrA,False,5,2,3,4.57,0.0679,scattered (repeated acquisition)
qacEdelta1,True,4,3,3,3.8,0.1758,scattered (repeated acquisition)
APH(6)-Ic,True,1,1,1,1.0,1.0,single isolate (uninformative)
APH(3')-IIa,True,1,1,1,1.0,1.0,single isolate (uninformative)
AAC(3)-IId,True,1,1,1,1.0,1.0,single isolate (uninformative)
BLMT,True,1,1,1,1.0,1.0,single isolate (uninformative)
CARB-2,True,1,1,1,1.0,1.0,single isolate (uninformative)
CMY-2,True,2,2,2,1.98,1.0,scattered (repeated acquisition)
TEM-1,True,1,1,1,1.0,1.0,single isolate (uninformative)
aadA,True,2,2,2,1.98,1.0,scattered (repeated acquisition)
aadA2,True,2,1,2,1.98,1.0,scattered (repeated acquisition)
APH(6)-Id,True,2,2,2,1.98,1.0,scattered (repeated acquisition)
APH(3'')-Ib,True,2,2,2,1.98,1.0,scattered (repeated acquisition)
acrD,False,17,3,1,1.0,1.0,scattered (repeated acquisition)
aadA7,True,1,1,1,1.0,1.0,single isolate (uninformative)
dfrA1,True,1,1,1,1.0,1.0,single isolate (uninformative)
catA1,True,1,1,1,1.0,1.0,single isolate (uninformative)
floR,True,2,1,2,1.98,1.0,scattered (repeated acquisition)
kdpE,False,17,3,1,1.0,1.0,scattered (repeated acquisition)
mdtH,False,17,3,1,1.0,1.0,scattered (repeated acquisition)
dfrA12,True,1,1,1,1.0,1.0,single isolate (uninformative)
oqxA,True,1,1,1,1.0,1.0,single isolate (uninformative)
oqxB,True,1,1,1,1.0,1.0,single isolate (uninformative)
sul1,True,3,2,3,2.88,1.0,scattered (repeated acquisition)
sul2,True,1,1,1,1.0,1.0,single isolate (uninformative)
tet(A),True,3,3,3,2.91,1.0,scattered (repeated acquisition)
tet(B),True,1,1,1,1.0,1.0,single isolate (uninformative)
tet(G),True,1,1,1,1.0,1.0,single isolate (uninformative)
CRP,False,18,3,0,,,invariant (no test)
Ecol_acrA,False,18,3,0,,,invariant (no test)
H-NS,False,18,3,0,,,invariant (no test)
MdtK,False,18,3,0,,,invariant (no test)
YojI,False,18,3,0,,,invariant (no test)
acrB,False,18,3,0,,,invariant (no test)
bacA,False,18,3,0,,,invariant (no test)
cpxA,False,18,3,0,,,invariant (no test)
emrB,False,18,3,0,,,invariant (no test)
emrR,False,18,3,0,,,invariant (no test)
golS,False,18,3,0,,,invariant (no test)
marA,False,18,3,0,,,invariant (no test)
mdsA,False,18,3,0,,,invariant (no test)
mdsB,False,18,3,0,,,invariant (no test)
mdsC,False,18,3,0,,,invariant (no test)
mdtB,False,18,3,0,,,invariant (no test)
mdtC,False,18,3,0,,,invariant (no test)
msbA,False,18,3,0,,,invariant (no test)
sdiA,False,18,3,0,,,invariant (no test)
