gene,acquired,n_isolates,n_hosts,changes_observed,changes_expected,p_clumped
AAC(3)-IId,True,1,1,1,1.0,1.0
AAC(6')-Iaa,False,2,2,1,1.98,0.022
AAC(6')-Iy,True,16,3,1,1.97,0.03
APH(3'')-Ib,True,2,2,2,1.98,1.0
APH(3')-IIa,True,1,1,1,1.0,1.0
APH(6)-Ic,True,1,1,1,1.0,1.0
APH(6)-Id,True,2,2,2,1.98,1.0
BLMT,True,1,1,1,1.0,1.0
CARB-2,True,1,1,1,1.0,1.0
CMY-2,True,2,2,2,1.98,1.0
CRP,False,18,3,0,,
Ecol_acrA,False,18,3,0,,
FosA7,True,4,3,2,3.78,0.022
H-NS,False,18,3,0,,
MdtK,False,18,3,0,,
TEM-1,True,1,1,1,1.0,1.0
YojI,False,18,3,0,,
aadA,True,2,2,2,1.98,1.0
aadA2,True,2,1,2,1.98,1.0
aadA7,True,1,1,1,1.0,1.0
acrB,False,18,3,0,,
acrD,False,17,3,1,1.0,1.0
bacA,False,18,3,0,,
catA1,True,1,1,1,1.0,1.0
cpxA,False,18,3,0,,
dfrA1,True,1,1,1,1.0,1.0
dfrA12,True,1,1,1,1.0,1.0
emrA,False,5,2,3,4.57,0.0679
emrB,False,18,3,0,,
emrR,False,18,3,0,,
floR,True,2,1,2,1.98,1.0
golS,False,18,3,0,,
kdpE,False,17,3,1,1.0,1.0
marA,False,18,3,0,,
mdsA,False,18,3,0,,
mdsB,False,18,3,0,,
mdsC,False,18,3,0,,
mdtB,False,18,3,0,,
mdtC,False,18,3,0,,
mdtH,False,17,3,1,1.0,1.0
msbA,False,18,3,0,,
oqxA,True,1,1,1,1.0,1.0
oqxB,True,1,1,1,1.0,1.0
qacEdelta1,True,4,3,3,3.8,0.1758
sdiA,False,18,3,0,,
sul1,True,3,2,3,2.88,1.0
sul2,True,1,1,1,1.0,1.0
tet(A),True,3,3,3,2.91,1.0
tet(B),True,1,1,1,1.0,1.0
tet(G),True,1,1,1,1.0,1.0
