gene,Cattle,Human,Poultry,n_hosts,acquired
AAC(3)-IId,1,0,0,1,True
AAC(6')-Iaa,1,1,0,2,False
AAC(6')-Iy,5,5,6,3,True
APH(3'')-Ib,1,0,1,2,True
APH(3')-IIa,0,0,1,1,True
APH(6)-Ic,0,0,1,1,True
APH(6)-Id,1,0,1,2,True
BLMT,0,0,1,1,True
CARB-2,1,0,0,1,True
CMY-2,1,0,1,2,True
CRP,6,6,6,3,False
Ecol_acrA,6,6,6,3,False
FosA7,2,1,1,3,True
H-NS,6,6,6,3,False
MdtK,6,6,6,3,False
TEM-1,0,1,0,1,True
YojI,6,6,6,3,False
aadA,0,1,1,2,True
aadA2,2,0,0,1,True
aadA7,0,1,0,1,True
acrB,6,6,6,3,False
acrD,6,6,5,3,False
bacA,6,6,6,3,False
catA1,0,1,0,1,True
cpxA,6,6,6,3,False
dfrA1,0,1,0,1,True
dfrA12,1,0,0,1,True
emrA,2,3,0,2,False
emrB,6,6,6,3,False
emrR,6,6,6,3,False
floR,2,0,0,1,True
golS,6,6,6,3,False
kdpE,5,6,6,3,False
marA,6,6,6,3,False
mdsA,6,6,6,3,False
mdsB,6,6,6,3,False
mdsC,6,6,6,3,False
mdtB,6,6,6,3,False
mdtC,6,6,6,3,False
mdtH,5,6,6,3,False
msbA,6,6,6,3,False
oqxA,1,0,0,1,True
oqxB,1,0,0,1,True
qacEdelta1,1,2,1,3,True
sdiA,6,6,6,3,False
sul1,0,2,1,2,True
sul2,1,0,0,1,True
tet(A),1,1,1,3,True
tet(B),0,0,1,1,True
tet(G),1,0,0,1,True
