,GCA_000192125.1,GCA_000258365.1,GCA_000329025.1,GCA_000330625.1,GCA_000474395.1,GCA_000812595.1,GCA_001448615.1,GCA_005675415.1,GCA_006862905.1,GCA_008005965.1,GCA_008032345.1,GCA_010123015.1,GCA_010123345.1,GCA_010714675.1,GCA_010715595.1,GCA_010716035.1,GCA_011454775.1,GCA_011457165.1
GCA_000192125.1,100.0,98.86433593988467,99.7927911805144,98.66413354071659,98.78344042929427,98.75424781110092,99.46576156457242,98.68248603891328,98.74978991551497,99.77590764481322,98.89042822290544,98.91554465105317,98.94011819480365,98.75431157493733,98.85761139919495,98.69984434840143,99.79707438659544,98.51885430954565
GCA_000258365.1,98.86433593988467,100.0,98.94057559663861,98.77377775265937,99.0911686594185,98.91789804774442,98.8949428276766,98.78820738815381,98.79880736075474,98.89891387364091,98.95260585897317,99.18306835881764,99.04454144035925,99.84499582781733,99.06230789194194,98.80649885062962,98.94289494305156,98.584847368658
GCA_000329025.1,99.7927911805144,98.94057559663861,100.0,98.74123622294174,98.87227192275915,98.83932869106204,99.52941047277433,98.76064526104255,98.83574650046657,99.84788579759356,98.93830958130927,98.97457691166444,99.01248324967541,98.83053820317522,98.94424577236514,98.77824459556474,99.99176739718634,98.59482992239687
GCA_000330625.1,98.66413354071659,98.77377775265937,98.74123622294174,100.0,98.65671789138794,98.74858168137554,98.6887269153951,99.9339799187193,98.72946116143261,98.69804210596021,98.66983416443632,98.72749135742855,98.75735478923443,98.67722580466268,98.71373253176036,98.9543954037646,98.7435973506126,98.6049297013953
GCA_000474395.1,98.78344042929427,99.0911686594185,98.87227192275915,98.65671789138794,100.0,98.82812757577094,98.85937158592797,98.6674121583353,98.68767178056763,98.82897451984634,98.88945307393146,99.76836575352517,98.98993907214147,99.04464363304895,99.2848711180514,98.70959023147941,98.87451499251078,98.50644996443233
GCA_000812595.1,98.75424781110092,98.91789804774442,98.83932869106204,98.74858168137554,98.82812757577094,100.0,98.75879011967787,98.76469768335755,98.77047230925572,98.78548072153436,98.7910435206366,98.84514185525668,98.88814917313212,98.8565004272149,98.82398397567376,98.74668194007333,98.84067445931335,98.57788524323772
GCA_001448615.1,99.46576156457242,98.8949428276766,99.52941047277433,98.6887269153951,98.85937158592797,98.75879011967787,100.0,98.6957188473192,98.76774518660271,99.51182267396169,98.88006760556978,98.9368032687711,98.93978513487677,98.77778455364496,98.89267598997147,98.7313574150456,99.53307304656065,98.53551107693492
GCA_005675415.1,98.68248603891328,98.78820738815381,98.76064526104255,99.9339799187193,98.6674121583353,98.76469768335755,98.6957188473192,100.0,98.7504164034215,98.70609948880606,98.68872280721216,98.7356429294527,98.77790268596513,98.71083439722943,98.73785235085926,98.9745939889221,98.76301458731115,98.60438773004039
GCA_006862905.1,98.74978991551497,98.79880736075474,98.83574650046657,98.72946116143261,98.68767178056763,98.77047230925572,98.76774518660271,98.7504164034215,100.0,98.78553651134806,98.7603681537241,98.7629552303637,98.8475636814949,98.68558315327085,98.78257536529392,98.74086974090534,98.83513497893006,98.626651727151
GCA_008005965.1,99.77590764481322,98.89891387364091,99.84788579759356,98.69804210596021,98.82897451984634,98.78548072153436,99.51182267396169,98.70609948880606,98.78553651134806,100.0,98.9543510564039,98.97363691676169,98.97847849484697,98.78983152199847,98.89098305084956,98.74073663126872,99.85275273182592,98.54700820743462
GCA_008032345.1,98.89042822290544,98.95260585897317,98.93830958130927,98.66983416443632,98.88945307393146,98.7910435206366,98.88006760556978,98.68872280721216,98.7603681537241,98.9543510564039,100.0,99.00591549315688,99.0405305528368,98.84459089816863,98.94052853886723,98.70854667524482,98.94334520114404,98.52023332482617
GCA_010123015.1,98.91554465105317,99.18306835881764,98.97457691166444,98.72749135742855,99.76836575352517,98.84514185525668,98.9368032687711,98.7356429294527,98.7629552303637,98.97363691676169,99.00591549315688,100.0,99.07492310031137,99.07730185866929,99.35694192168614,98.78539423902379,98.97499748388142,98.58617196480513
GCA_010123345.1,98.94011819480365,99.04454144035925,99.01248324967541,98.75735478923443,98.98993907214147,98.88814917313212,98.93978513487677,98.77790268596513,98.8475636814949,98.97847849484697,99.0405305528368,99.07492310031137,100.0,98.935820956328,99.02474044869726,98.81329661749902,99.01479934055567,98.60027229664364
GCA_010714675.1,98.75431157493733,99.84499582781733,98.83053820317522,98.67722580466268,99.04464363304895,98.8565004272149,98.77778455364496,98.71083439722943,98.68558315327085,98.78983152199847,98.84459089816863,99.07730185866929,98.935820956328,100.0,99.0903542180327,98.6989502709074,98.83281632629625,98.47001964689606
GCA_010715595.1,98.85761139919495,99.06230789194194,98.94424577236514,98.71373253176036,99.2848711180514,98.82398397567376,98.89267598997147,98.73785235085926,98.78257536529392,98.89098305084956,98.94052853886723,99.35694192168614,99.02474044869726,99.0903542180327,100.0,98.76134445389592,98.94653298055796,98.5524598985401
GCA_010716035.1,98.69984434840143,98.80649885062962,98.77824459556474,98.9543954037646,98.70959023147941,98.74668194007333,98.7313574150456,98.9745939889221,98.74086974090534,98.74073663126872,98.70854667524482,98.78539423902379,98.81329661749902,98.6989502709074,98.76134445389592,100.0,98.77960454771457,98.6323963895896
GCA_011454775.1,99.79707438659544,98.94289494305156,99.99176739718634,98.7435973506126,98.87451499251078,98.84067445931335,99.53307304656065,98.76301458731115,98.83513497893006,99.85275273182592,98.94334520114404,98.97499748388142,99.01479934055567,98.83281632629625,98.94653298055796,98.77960454771457,100.0,98.5983758992724
GCA_011457165.1,98.51885430954565,98.584847368658,98.59482992239687,98.6049297013953,98.50644996443233,98.57788524323772,98.53551107693492,98.60438773004039,98.626651727151,98.54700820743462,98.52023332482617,98.58617196480513,98.60027229664364,98.47001964689606,98.5524598985401,98.6323963895896,98.5983758992724,100.0
