strain,genes,genome_Mb,coding_density_%,mean_gene_bp
GCA_000192125.1,4579,4.746,86.9,901
GCA_000258365.1,4490,4.788,87.2,929
GCA_000329025.1,4495,4.695,87.5,914
GCA_000330625.1,4634,4.889,87.9,927
GCA_000474395.1,4918,5.126,87.9,915
GCA_000812595.1,4759,5.011,86.5,911
GCA_001448615.1,4687,4.914,87.2,913
GCA_005675415.1,4541,4.837,87.9,935
GCA_006862905.1,4143,4.478,87.6,946
GCA_008005965.1,4689,4.907,87.8,918
GCA_008032345.1,4700,4.973,87.9,930
GCA_010123015.1,4646,4.889,88.0,925
GCA_010123345.1,4381,4.676,88.0,939
GCA_010714675.1,4858,5.082,87.9,919
GCA_010715595.1,4641,4.911,88.0,930
GCA_010716035.1,4491,4.803,87.9,940
GCA_011454775.1,4430,4.697,87.6,928
GCA_011457165.1,4316,4.61,88.1,941
