strain,host_group,serovar,country,n_acquired_AMR,acquired_AMR,replicons
GCA_000192125.1,Poultry,Gallinarum,United Kingdom,22,"AAC(6')-Iy, CRP, Ecol_acrA, H-NS, MdtK, YojI, acrB, bacA, cpxA, emrB, emrR, golS, kdpE, marA, mdsA, mdsB, mdsC, mdtB, mdtC, mdtH, msbA, sdiA",IncFII(S)
GCA_000258365.1,Cattle,Heidelberg,France,24,"AAC(6')-Iy, CRP, Ecol_acrA, FosA7, H-NS, MdtK, YojI, acrB, acrD, bacA, cpxA, emrB, emrR, golS, kdpE, marA, mdsA, mdsB, mdsC, mdtB, mdtC, mdtH, msbA, sdiA",IncX1
GCA_000329025.1,Poultry,Enteritidis,China,23,"AAC(6')-Iy, CRP, Ecol_acrA, H-NS, MdtK, YojI, acrB, acrD, bacA, cpxA, emrB, emrR, golS, kdpE, marA, mdsA, mdsB, mdsC, mdtB, mdtC, mdtH, msbA, sdiA","IncFIB(S), IncFII(S)"
GCA_000330625.1,Cattle,Agona,China: Shanghai,30,"AAC(6')-Iy, CARB-2, CRP, Ecol_acrA, FosA7, H-NS, MdtK, YojI, aadA2, acrB, acrD, bacA, cpxA, emrA, emrB, emrR, floR, golS, kdpE, marA, mdsA, mdsB, mdsC, mdtB, mdtC, mdtH, msbA, qacEdelta1, sdiA, tet(G)",
GCA_000474395.1,Cattle,Typhimurium,,34,"AAC(3)-IId, AAC(6')-Iaa, APH(3'')-Ib, APH(6)-Id, CMY-2, CRP, Ecol_acrA, H-NS, MdtK, YojI, aadA2, acrB, acrD, bacA, cpxA, dfrA12, emrB, emrR, floR, golS, kdpE, marA, mdsA, mdsB, mdsC, mdtB, mdtC, mdtH, msbA, oqxA, oqxB, sdiA, sul2, tet(A)","ColpEC648__CP008718, IncC, IncI(Gamma), IncI1-I(Alpha)"
GCA_000812595.1,Poultry,Infantis,Hungary,27,"AAC(6')-Iy, CRP, Ecol_acrA, H-NS, MdtK, YojI, aadA, acrB, acrD, bacA, cpxA, emrB, emrR, golS, kdpE, marA, mdsA, mdsB, mdsC, mdtB, mdtC, mdtH, msbA, qacEdelta1, sdiA, sul1, tet(A)",IncFIB(pN55391)
GCA_001448615.1,Cattle,Dublin,Canada: British Columbia,23,"AAC(6')-Iy, CRP, Ecol_acrA, H-NS, MdtK, YojI, acrB, acrD, bacA, cpxA, emrB, emrR, golS, kdpE, marA, mdsA, mdsB, mdsC, mdtB, mdtC, mdtH, msbA, sdiA","IncFII(S), IncX1"
GCA_005675415.1,Human,,Haiti,29,"AAC(6')-Iy, CRP, Ecol_acrA, FosA7, H-NS, MdtK, YojI, aadA7, acrB, acrD, bacA, cpxA, emrA, emrB, emrR, golS, kdpE, marA, mdsA, mdsB, mdsC, mdtB, mdtC, mdtH, msbA, qacEdelta1, sdiA, sul1, tet(A)",
GCA_006862905.1,Cattle,,USA:SD,23,"AAC(6')-Iy, CRP, Ecol_acrA, H-NS, MdtK, YojI, acrB, acrD, bacA, cpxA, emrA, emrB, emrR, golS, marA, mdsA, mdsB, mdsC, mdtB, mdtC, mdtH, msbA, sdiA",
GCA_008005965.1,Cattle,Enteritidis,Belgium,22,"AAC(6')-Iy, CRP, Ecol_acrA, H-NS, MdtK, YojI, acrB, acrD, bacA, cpxA, emrB, emrR, golS, kdpE, marA, mdsA, mdsB, mdsC, mdtB, mdtC, msbA, sdiA",IncFII(S)
GCA_008032345.1,Poultry,Newport,Belgium,23,"AAC(6')-Iy, CRP, Ecol_acrA, H-NS, MdtK, YojI, acrB, acrD, bacA, cpxA, emrB, emrR, golS, kdpE, marA, mdsA, mdsB, mdsC, mdtB, mdtC, mdtH, msbA, sdiA",IncFII(S)
GCA_010123015.1,Human,Typhimurium,Mexico,23,"AAC(6')-Iaa, CRP, Ecol_acrA, H-NS, MdtK, YojI, acrB, acrD, bacA, cpxA, emrB, emrR, golS, kdpE, marA, mdsA, mdsB, mdsC, mdtB, mdtC, mdtH, msbA, sdiA","IncFIB(S), IncFII(S)"
GCA_010123345.1,Human,Paratyphi B,United Kingdom,24,"AAC(6')-Iy, CRP, Ecol_acrA, H-NS, MdtK, YojI, acrB, acrD, bacA, cpxA, emrA, emrB, emrR, golS, kdpE, marA, mdsA, mdsB, mdsC, mdtB, mdtC, mdtH, msbA, sdiA",
GCA_010714675.1,Poultry,Heidelberg,,31,"AAC(6')-Iy, APH(3'')-Ib, APH(3')-IIa, APH(6)-Ic, APH(6)-Id, BLMT, CMY-2, CRP, Ecol_acrA, FosA7, H-NS, MdtK, YojI, acrB, acrD, bacA, cpxA, emrB, emrR, golS, kdpE, marA, mdsA, mdsB, mdsC, mdtB, mdtC, mdtH, msbA, sdiA, tet(B)","IncHI2, IncHI2A, IncI(Gamma), IncI1-I(Alpha)"
GCA_010715595.1,Human,Saintpaul,France,29,"AAC(6')-Iy, CRP, Ecol_acrA, H-NS, MdtK, TEM-1, YojI, aadA, acrB, acrD, bacA, catA1, cpxA, dfrA1, emrB, emrR, golS, kdpE, marA, mdsA, mdsB, mdsC, mdtB, mdtC, mdtH, msbA, qacEdelta1, sdiA, sul1","IncHI2, IncHI2A"
GCA_010716035.1,Human,Limete,,24,"AAC(6')-Iy, CRP, Ecol_acrA, H-NS, MdtK, YojI, acrB, acrD, bacA, cpxA, emrA, emrB, emrR, golS, kdpE, marA, mdsA, mdsB, mdsC, mdtB, mdtC, mdtH, msbA, sdiA",
GCA_011454775.1,Human,Enteritidis,USA,23,"AAC(6')-Iy, CRP, Ecol_acrA, H-NS, MdtK, YojI, acrB, acrD, bacA, cpxA, emrB, emrR, golS, kdpE, marA, mdsA, mdsB, mdsC, mdtB, mdtC, mdtH, msbA, sdiA","IncFIB(S), IncFII(S)"
GCA_011457165.1,Poultry,Montevideo,USA,23,"AAC(6')-Iy, CRP, Ecol_acrA, H-NS, MdtK, YojI, acrB, acrD, bacA, cpxA, emrB, emrR, golS, kdpE, marA, mdsA, mdsB, mdsC, mdtB, mdtC, mdtH, msbA, sdiA",
