strain,host_group,replicon,identity_%,coverage_%
GCA_000192125.1,Poultry,IncFII(S),96.9,100.0
GCA_000258365.1,Cattle,IncX1,100.0,100.0
GCA_000329025.1,Poultry,IncFII(S),100.0,100.0
GCA_000329025.1,Poultry,IncFIB(S),98.9,100.0
GCA_000474395.1,Cattle,IncI1-I(Alpha),99.3,100.0
GCA_000474395.1,Cattle,IncC,100.0,100.0
GCA_000474395.1,Cattle,IncI(Gamma),95.1,100.7
GCA_000474395.1,Cattle,ColpEC648__CP008718,99.1,99.9
GCA_000812595.1,Poultry,IncFIB(pN55391),100.0,100.0
GCA_001448615.1,Cattle,IncFII(S),97.7,100.0
GCA_001448615.1,Cattle,IncX1,98.7,100.0
GCA_008005965.1,Cattle,IncFII(S),97.7,100.0
GCA_008032345.1,Poultry,IncFII(S),97.7,100.0
GCA_010123015.1,Human,IncFII(S),100.0,100.0
GCA_010123015.1,Human,IncFIB(S),100.0,100.0
GCA_010714675.1,Poultry,IncHI2,100.0,100.0
GCA_010714675.1,Poultry,IncI1-I(Alpha),100.0,100.0
GCA_010714675.1,Poultry,IncHI2A,99.5,100.0
GCA_010714675.1,Poultry,IncI(Gamma),95.8,100.7
GCA_010715595.1,Human,IncHI2,100.0,100.0
GCA_010715595.1,Human,IncHI2A,99.5,100.0
GCA_011454775.1,Human,IncFII(S),100.0,100.0
GCA_011454775.1,Human,IncFIB(S),98.9,100.0
